<?xml version="1.0" encoding="UTF-8"?>
<!-- IMPORTANT: This is an internal file that has been generated
     by the Xilinx ISE software.  Any direct editing or
     changes made to this file may result in unpredictable
     behavior or data corruption.  It is strongly advised that
     users do not edit the contents of this file. -->
<DeviceUsageSummary rev="2">
<DesignStatistics TimeStamp="Thu Jun 23 19:47:56 2022"><group name="NetStatistics">
<item name="NumNets_Active" rev="2">
<attrib name="value" value="4405"/></item>
<item name="NumNets_Gnd" rev="2">
<attrib name="value" value="1"/></item>
<item name="NumNets_Vcc" rev="2">
<attrib name="value" value="1"/></item>
<item name="NumNodesOfType_Active_BENTQUAD" rev="2">
<attrib name="value" value="1589"/></item>
<item name="NumNodesOfType_Active_BOUNCEACROSS" rev="2">
<attrib name="value" value="526"/></item>
<item name="NumNodesOfType_Active_BOUNCEIN" rev="2">
<attrib name="value" value="672"/></item>
<item name="NumNodesOfType_Active_BUFGROUT" rev="2">
<attrib name="value" value="6"/></item>
<item name="NumNodesOfType_Active_BUFINP2OUT" rev="2">
<attrib name="value" value="16"/></item>
<item name="NumNodesOfType_Active_CLKPIN" rev="2">
<attrib name="value" value="600"/></item>
<item name="NumNodesOfType_Active_DOUBLE" rev="2">
<attrib name="value" value="7705"/></item>
<item name="NumNodesOfType_Active_GENERIC" rev="2">
<attrib name="value" value="23"/></item>
<item name="NumNodesOfType_Active_GLOBAL" rev="2">
<attrib name="value" value="612"/></item>
<item name="NumNodesOfType_Active_HLONG" rev="2">
<attrib name="value" value="74"/></item>
<item name="NumNodesOfType_Active_HQUAD" rev="2">
<attrib name="value" value="1502"/></item>
<item name="NumNodesOfType_Active_INPUT" rev="2">
<attrib name="value" value="2521"/></item>
<item name="NumNodesOfType_Active_IOBIN2OUT" rev="2">
<attrib name="value" value="36"/></item>
<item name="NumNodesOfType_Active_IOBOUTPUT" rev="2">
<attrib name="value" value="36"/></item>
<item name="NumNodesOfType_Active_LUTINPUT" rev="2">
<attrib name="value" value="13919"/></item>
<item name="NumNodesOfType_Active_OUTBOUND" rev="2">
<attrib name="value" value="4373"/></item>
<item name="NumNodesOfType_Active_OUTPUT" rev="2">
<attrib name="value" value="4471"/></item>
<item name="NumNodesOfType_Active_PADINPUT" rev="2">
<attrib name="value" value="14"/></item>
<item name="NumNodesOfType_Active_PADOUTPUT" rev="2">
<attrib name="value" value="22"/></item>
<item name="NumNodesOfType_Active_PINBOUNCE" rev="2">
<attrib name="value" value="2896"/></item>
<item name="NumNodesOfType_Active_PINFEED" rev="2">
<attrib name="value" value="17001"/></item>
<item name="NumNodesOfType_Active_SINGLE" rev="2">
<attrib name="value" value="8922"/></item>
<item name="NumNodesOfType_Active_VLONG" rev="2">
<attrib name="value" value="84"/></item>
<item name="NumNodesOfType_Active_VLONG12" rev="2">
<attrib name="value" value="46"/></item>
<item name="NumNodesOfType_Active_VQUAD" rev="2">
<attrib name="value" value="953"/></item>
<item name="NumNodesOfType_Gnd_BOUNCEIN" rev="2">
<attrib name="value" value="20"/></item>
<item name="NumNodesOfType_Gnd_CLKPIN" rev="2">
<attrib name="value" value="2"/></item>
<item name="NumNodesOfType_Gnd_HVCCGNDOUT" rev="2">
<attrib name="value" value="10"/></item>
<item name="NumNodesOfType_Gnd_INPUT" rev="2">
<attrib name="value" value="129"/></item>
<item name="NumNodesOfType_Gnd_PINBOUNCE" rev="2">
<attrib name="value" value="22"/></item>
<item name="NumNodesOfType_Gnd_PINFEED" rev="2">
<attrib name="value" value="211"/></item>
<item name="NumNodesOfType_Vcc_BOUNCEIN" rev="2">
<attrib name="value" value="1"/></item>
<item name="NumNodesOfType_Vcc_CLKPIN" rev="2">
<attrib name="value" value="2"/></item>
<item name="NumNodesOfType_Vcc_HVCCGNDOUT" rev="2">
<attrib name="value" value="169"/></item>
<item name="NumNodesOfType_Vcc_INPUT" rev="2">
<attrib name="value" value="9"/></item>
<item name="NumNodesOfType_Vcc_IOBIN2OUT" rev="2">
<attrib name="value" value="2"/></item>
<item name="NumNodesOfType_Vcc_IOBOUTPUT" rev="2">
<attrib name="value" value="2"/></item>
<item name="NumNodesOfType_Vcc_LUTINPUT" rev="2">
<attrib name="value" value="437"/></item>
<item name="NumNodesOfType_Vcc_PADINPUT" rev="2">
<attrib name="value" value="2"/></item>
<item name="NumNodesOfType_Vcc_PINBOUNCE" rev="2">
<attrib name="value" value="6"/></item>
<item name="NumNodesOfType_Vcc_PINFEED" rev="2">
<attrib name="value" value="452"/></item>
</group>
<group name="SiteStatistics">
<item name="BUFG-BUFGCTRL" rev="2">
<attrib name="value" value="6"/></item>
<item name="IOB-IOB18" rev="2">
<attrib name="value" value="1"/></item>
<item name="IOB-IOB18M" rev="2">
<attrib name="value" value="14"/></item>
<item name="IOB-IOB18S" rev="2">
<attrib name="value" value="12"/></item>
<item name="IOB33-IOB33M" rev="2">
<attrib name="value" value="4"/></item>
<item name="IOB33-IOB33S" rev="2">
<attrib name="value" value="6"/></item>
<item name="RAMB36E1-RAMBFIFO36E1" rev="2">
<attrib name="value" value="1"/></item>
<item name="SLICEL-SLICEM" rev="2">
<attrib name="value" value="425"/></item>
</group>
<group name="MiscellaneousStatistics">
<item name="AGG_BONDED_IO" rev="1">
<attrib name="value" value="38"/></item>
<item name="AGG_IO" rev="1">
<attrib name="value" value="38"/></item>
<item name="AGG_LOCED_IO" rev="1">
<attrib name="value" value="38"/></item>
<item name="AGG_SLICE" rev="1">
<attrib name="value" value="1184"/></item>
<item name="NUM_BONDED_IOB" rev="1">
<attrib name="value" value="27"/></item>
<item name="NUM_BONDED_IOB33" rev="1">
<attrib name="value" value="11"/></item>
<item name="NUM_BSFULL" rev="1">
<attrib name="value" value="958"/></item>
<item name="NUM_BSLUTONLY" rev="1">
<attrib name="value" value="1860"/></item>
<item name="NUM_BSREGONLY" rev="1">
<attrib name="value" value="890"/></item>
<item name="NUM_BSUSED" rev="1">
<attrib name="value" value="3708"/></item>
<item name="NUM_BUFG" rev="1">
<attrib name="value" value="6"/></item>
<item name="NUM_LOCED_IOB" rev="1">
<attrib name="value" value="27"/></item>
<item name="NUM_LOCED_IOB33" rev="1">
<attrib name="value" value="11"/></item>
<item name="NUM_LOGIC_O5ANDO6" rev="1">
<attrib name="value" value="283"/></item>
<item name="NUM_LOGIC_O5ONLY" rev="1">
<attrib name="value" value="150"/></item>
<item name="NUM_LOGIC_O6ONLY" rev="1">
<attrib name="value" value="2379"/></item>
<item name="NUM_LUT_RT_DRIVES_CARRY4" rev="1">
<attrib name="value" value="6"/></item>
<item name="NUM_LUT_RT_EXO6" rev="1">
<attrib name="value" value="6"/></item>
<item name="NUM_LUT_RT_O5" rev="1">
<attrib name="value" value="4"/></item>
<item name="NUM_LUT_RT_O6" rev="1">
<attrib name="value" value="150"/></item>
<item name="NUM_RAMB36E1" rev="1">
<attrib name="value" value="1"/></item>
<item name="NUM_SLICEL" rev="1">
<attrib name="value" value="1184"/></item>
<item name="NUM_SLICE_CARRY4" rev="1">
<attrib name="value" value="111"/></item>
<item name="NUM_SLICE_CONTROLSET" rev="1">
<attrib name="value" value="53"/></item>
<item name="NUM_SLICE_CYINIT" rev="1">
<attrib name="value" value="3274"/></item>
<item name="NUM_SLICE_F7MUX" rev="1">
<attrib name="value" value="126"/></item>
<item name="NUM_SLICE_FF" rev="1">
<attrib name="value" value="1863"/></item>
<item name="NUM_SLICE_LATCH" rev="1">
<attrib name="value" value="32"/></item>
<item name="NUM_SLICE_UNUSEDCTRL" rev="1">
<attrib name="value" value="594"/></item>
<item name="NUM_UNUSABLE_FF_BELS" rev="1">
<attrib name="value" value="73"/></item>
<item name="Xilinx Core blk_mem_gen_v7_3, Xilinx CORE Generator 14.7" rev="1">
<attrib name="value" value="1"/></item>
<item name="Xilinx Core dist_mem_gen_v7_2, Xilinx CORE Generator 14.7" rev="1">
<attrib name="value" value="1"/></item>
</group>
</DesignStatistics>
<DeviceUsage TimeStamp="Thu Jun 23 19:47:56 2022"><group name="SiteSummary">
<item name="BUFG" rev="2">
<attrib name="total" value="1000000"/><attrib name="used" value="6"/></item>
<item name="BUFG_BUFG" rev="2">
<attrib name="total" value="1000000"/><attrib name="used" value="6"/></item>
<item name="CARRY4" rev="2">
<attrib name="total" value="1000000"/><attrib name="used" value="111"/></item>
<item name="FF_INIT" rev="2">
<attrib name="total" value="1000000"/><attrib name="used" value="73"/></item>
<item name="HARD0" rev="2">
<attrib name="total" value="1000000"/><attrib name="used" value="35"/></item>
<item name="HARD1" rev="2">
<attrib name="total" value="1000000"/><attrib name="used" value="6"/></item>
<item name="IOB" rev="2">
<attrib name="total" value="1000000"/><attrib name="used" value="27"/></item>
<item name="IOB33" rev="2">
<attrib name="total" value="1000000"/><attrib name="used" value="11"/></item>
<item name="IOB33_OUTBUF" rev="2">
<attrib name="total" value="1000000"/><attrib name="used" value="11"/></item>
<item name="IOB_INBUF_EN" rev="2">
<attrib name="total" value="1000000"/><attrib name="used" value="22"/></item>
<item name="IOB_OUTBUF" rev="2">
<attrib name="total" value="1000000"/><attrib name="used" value="5"/></item>
<item name="LUT5" rev="2">
<attrib name="total" value="1000000"/><attrib name="used" value="437"/></item>
<item name="LUT6" rev="2">
<attrib name="total" value="1000000"/><attrib name="used" value="2818"/></item>
<item name="PAD" rev="2">
<attrib name="total" value="1000000"/><attrib name="used" value="38"/></item>
<item name="RAMB36E1" rev="2">
<attrib name="total" value="1000000"/><attrib name="used" value="1"/></item>
<item name="RAMB36E1_RAMB36E1" rev="2">
<attrib name="total" value="1000000"/><attrib name="used" value="1"/></item>
<item name="REG_INIT" rev="2">
<attrib name="total" value="1000000"/><attrib name="used" value="1822"/></item>
<item name="SELMUX2_1" rev="2">
<attrib name="total" value="1000000"/><attrib name="used" value="126"/></item>
<item name="SLICEL" rev="2">
<attrib name="total" value="1000000"/><attrib name="used" value="1184"/></item>
</group>
</DeviceUsage>
<ReportConfigData TimeStamp="Thu Jun 23 19:47:56 2022"><group name="REG_INIT">
<item name="CK" rev="2">
<attrib name="CK" value="1373"/><attrib name="CK_INV" value="449"/></item>
<item name="FFINIT" rev="2">
<attrib name="INIT0" value="1795"/><attrib name="INIT1" value="27"/></item>
<item name="FFSR" rev="2">
<attrib name="SRLOW" value="1819"/><attrib name="SRHIGH" value="3"/></item>
<item name="LATCH_OR_FF" rev="2">
<attrib name="FF" value="1790"/><attrib name="LATCH" value="32"/></item>
<item name="SYNC_ATTR" rev="2">
<attrib name="ASYNC" value="1791"/><attrib name="SYNC" value="31"/></item>
</group>
<group name="SLICEL">
<item name="CLK" rev="2">
<attrib name="CLK" value="413"/><attrib name="CLK_INV" value="177"/></item>
</group>
<group name="IOB_INBUF_EN">
<item name="IBUF_LOW_PWR" rev="2">
<attrib name="TRUE" value="22"/></item>
</group>
<group name="SELMUX2_1">
<item name="0" rev="2">
<attrib name="0" value="126"/><attrib name="0_INV" value="0"/></item>
</group>
<group name="FF_INIT">
<item name="CK" rev="2">
<attrib name="CK" value="22"/><attrib name="CK_INV" value="51"/></item>
<item name="FFINIT" rev="2">
<attrib name="INIT0" value="73"/></item>
<item name="FFSR" rev="2">
<attrib name="SRLOW" value="73"/></item>
<item name="SYNC_ATTR" rev="2">
<attrib name="ASYNC" value="73"/></item>
</group>
<group name="RAMB36E1">
<item name="CLKARDCLKL" rev="2">
<attrib name="CLKARDCLKL" value="0"/><attrib name="CLKARDCLKL_INV" value="1"/></item>
<item name="CLKARDCLKU" rev="2">
<attrib name="CLKARDCLKU_INV" value="1"/><attrib name="CLKARDCLKU" value="0"/></item>
<item name="CLKBWRCLKL" rev="2">
<attrib name="CLKBWRCLKL_INV" value="1"/><attrib name="CLKBWRCLKL" value="0"/></item>
<item name="CLKBWRCLKU" rev="2">
<attrib name="CLKBWRCLKU" value="0"/><attrib name="CLKBWRCLKU_INV" value="1"/></item>
<item name="ENARDENL" rev="2">
<attrib name="ENARDENL_INV" value="0"/><attrib name="ENARDENL" value="1"/></item>
<item name="ENARDENU" rev="2">
<attrib name="ENARDENU_INV" value="0"/><attrib name="ENARDENU" value="1"/></item>
<item name="ENBWRENL" rev="2">
<attrib name="ENBWRENL" value="1"/><attrib name="ENBWRENL_INV" value="0"/></item>
<item name="ENBWRENU" rev="2">
<attrib name="ENBWRENU_INV" value="0"/><attrib name="ENBWRENU" value="1"/></item>
<item name="REGCLKARDRCLKL" rev="2">
<attrib name="REGCLKARDRCLKL_INV" value="1"/><attrib name="REGCLKARDRCLKL" value="0"/></item>
<item name="REGCLKARDRCLKU" rev="2">
<attrib name="REGCLKARDRCLKU" value="0"/><attrib name="REGCLKARDRCLKU_INV" value="1"/></item>
<item name="REGCLKBL" rev="2">
<attrib name="REGCLKBL_INV" value="0"/><attrib name="REGCLKBL" value="1"/></item>
<item name="REGCLKBU" rev="2">
<attrib name="REGCLKBU" value="1"/><attrib name="REGCLKBU_INV" value="0"/></item>
<item name="RSTRAMARSTRAML" rev="2">
<attrib name="RSTRAMARSTRAML_INV" value="0"/><attrib name="RSTRAMARSTRAML" value="1"/></item>
<item name="RSTRAMARSTRAMU" rev="2">
<attrib name="RSTRAMARSTRAMU" value="1"/><attrib name="RSTRAMARSTRAMU_INV" value="0"/></item>
<item name="RSTRAMBL" rev="2">
<attrib name="RSTRAMBL_INV" value="0"/><attrib name="RSTRAMBL" value="1"/></item>
<item name="RSTRAMBU" rev="2">
<attrib name="RSTRAMBU" value="1"/><attrib name="RSTRAMBU_INV" value="0"/></item>
<item name="RSTREGARSTREGL" rev="2">
<attrib name="RSTREGARSTREGL" value="1"/><attrib name="RSTREGARSTREGL_INV" value="0"/></item>
<item name="RSTREGARSTREGU" rev="2">
<attrib name="RSTREGARSTREGU_INV" value="0"/><attrib name="RSTREGARSTREGU" value="1"/></item>
<item name="RSTREGBL" rev="2">
<attrib name="RSTREGBL" value="1"/><attrib name="RSTREGBL_INV" value="0"/></item>
<item name="RSTREGBU" rev="2">
<attrib name="RSTREGBU" value="1"/><attrib name="RSTREGBU_INV" value="0"/></item>
</group>
<group name="RAMB36E1_RAMB36E1">
<item name="CLKARDCLKL" rev="2">
<attrib name="CLKARDCLKL" value="0"/><attrib name="CLKARDCLKL_INV" value="1"/></item>
<item name="CLKARDCLKU" rev="2">
<attrib name="CLKARDCLKU_INV" value="1"/><attrib name="CLKARDCLKU" value="0"/></item>
<item name="CLKBWRCLKL" rev="2">
<attrib name="CLKBWRCLKL_INV" value="1"/><attrib name="CLKBWRCLKL" value="0"/></item>
<item name="CLKBWRCLKU" rev="2">
<attrib name="CLKBWRCLKU" value="0"/><attrib name="CLKBWRCLKU_INV" value="1"/></item>
<item name="DOA_REG" rev="2">
<attrib name="0" value="1"/></item>
<item name="DOB_REG" rev="2">
<attrib name="0" value="1"/></item>
<item name="ENARDENL" rev="2">
<attrib name="ENARDENL_INV" value="0"/><attrib name="ENARDENL" value="1"/></item>
<item name="ENARDENU" rev="2">
<attrib name="ENARDENU_INV" value="0"/><attrib name="ENARDENU" value="1"/></item>
<item name="ENBWRENL" rev="2">
<attrib name="ENBWRENL" value="1"/><attrib name="ENBWRENL_INV" value="0"/></item>
<item name="ENBWRENU" rev="2">
<attrib name="ENBWRENU_INV" value="0"/><attrib name="ENBWRENU" value="1"/></item>
<item name="EN_ECC_READ" rev="2">
<attrib name="FALSE" value="1"/></item>
<item name="EN_ECC_WRITE" rev="2">
<attrib name="FALSE" value="1"/></item>
<item name="EN_PWRGATE" rev="2">
<attrib name="NONE" value="1"/></item>
<item name="RAM_EXTENSION_A" rev="2">
<attrib name="NONE" value="1"/></item>
<item name="RAM_EXTENSION_B" rev="2">
<attrib name="NONE" value="1"/></item>
<item name="RAM_MODE" rev="2">
<attrib name="TDP" value="1"/></item>
<item name="RDADDR_COLLISION_HWCONFIG" rev="2">
<attrib name="DELAYED_WRITE" value="1"/></item>
<item name="READ_WIDTH_A" rev="2">
<attrib name="36" value="1"/></item>
<item name="READ_WIDTH_B" rev="2">
<attrib name="36" value="1"/></item>
<item name="REGCLKARDRCLKL" rev="2">
<attrib name="REGCLKARDRCLKL_INV" value="1"/><attrib name="REGCLKARDRCLKL" value="0"/></item>
<item name="REGCLKARDRCLKU" rev="2">
<attrib name="REGCLKARDRCLKU" value="0"/><attrib name="REGCLKARDRCLKU_INV" value="1"/></item>
<item name="REGCLKBL" rev="2">
<attrib name="REGCLKBL_INV" value="0"/><attrib name="REGCLKBL" value="1"/></item>
<item name="REGCLKBU" rev="2">
<attrib name="REGCLKBU" value="1"/><attrib name="REGCLKBU_INV" value="0"/></item>
<item name="RSTRAMARSTRAML" rev="2">
<attrib name="RSTRAMARSTRAML_INV" value="0"/><attrib name="RSTRAMARSTRAML" value="1"/></item>
<item name="RSTRAMARSTRAMU" rev="2">
<attrib name="RSTRAMARSTRAMU" value="1"/><attrib name="RSTRAMARSTRAMU_INV" value="0"/></item>
<item name="RSTRAMBL" rev="2">
<attrib name="RSTRAMBL_INV" value="0"/><attrib name="RSTRAMBL" value="1"/></item>
<item name="RSTRAMBU" rev="2">
<attrib name="RSTRAMBU" value="1"/><attrib name="RSTRAMBU_INV" value="0"/></item>
<item name="RSTREGARSTREGL" rev="2">
<attrib name="RSTREGARSTREGL" value="1"/><attrib name="RSTREGARSTREGL_INV" value="0"/></item>
<item name="RSTREGARSTREGU" rev="2">
<attrib name="RSTREGARSTREGU_INV" value="0"/><attrib name="RSTREGARSTREGU" value="1"/></item>
<item name="RSTREGBL" rev="2">
<attrib name="RSTREGBL" value="1"/><attrib name="RSTREGBL_INV" value="0"/></item>
<item name="RSTREGBU" rev="2">
<attrib name="RSTREGBU" value="1"/><attrib name="RSTREGBU_INV" value="0"/></item>
<item name="RSTREG_PRIORITY_A" rev="2">
<attrib name="REGCE" value="1"/></item>
<item name="RSTREG_PRIORITY_B" rev="2">
<attrib name="REGCE" value="1"/></item>
<item name="SAVEDATA" rev="2">
<attrib name="FALSE" value="1"/></item>
<item name="WRITE_MODE_A" rev="2">
<attrib name="WRITE_FIRST" value="1"/></item>
<item name="WRITE_MODE_B" rev="2">
<attrib name="WRITE_FIRST" value="1"/></item>
<item name="WRITE_WIDTH_A" rev="2">
<attrib name="36" value="1"/></item>
<item name="WRITE_WIDTH_B" rev="2">
<attrib name="36" value="1"/></item>
</group>
</ReportConfigData>
<ReportPinData TimeStamp="Thu Jun 23 19:47:56 2022"><group name="IOB33_OUTBUF">
<item name="IN" rev="2">
<attrib name="value" value="11"/></item>
<item name="OUT" rev="2">
<attrib name="value" value="11"/></item>
</group>
<group name="REG_INIT">
<item name="CE" rev="2">
<attrib name="value" value="1244"/></item>
<item name="CK" rev="2">
<attrib name="value" value="1822"/></item>
<item name="D" rev="2">
<attrib name="value" value="1822"/></item>
<item name="Q" rev="2">
<attrib name="value" value="1822"/></item>
<item name="SR" rev="2">
<attrib name="value" value="1570"/></item>
</group>
<group name="SLICEL">
<item name="A" rev="2">
<attrib name="value" value="647"/></item>
<item name="A1" rev="2">
<attrib name="value" value="473"/></item>
<item name="A2" rev="2">
<attrib name="value" value="708"/></item>
<item name="A3" rev="2">
<attrib name="value" value="767"/></item>
<item name="A4" rev="2">
<attrib name="value" value="826"/></item>
<item name="A5" rev="2">
<attrib name="value" value="856"/></item>
<item name="A6" rev="2">
<attrib name="value" value="892"/></item>
<item name="AMUX" rev="2">
<attrib name="value" value="124"/></item>
<item name="AQ" rev="2">
<attrib name="value" value="505"/></item>
<item name="AX" rev="2">
<attrib name="value" value="373"/></item>
<item name="B" rev="2">
<attrib name="value" value="537"/></item>
<item name="B1" rev="2">
<attrib name="value" value="440"/></item>
<item name="B2" rev="2">
<attrib name="value" value="596"/></item>
<item name="B3" rev="2">
<attrib name="value" value="626"/></item>
<item name="B4" rev="2">
<attrib name="value" value="646"/></item>
<item name="B5" rev="2">
<attrib name="value" value="673"/></item>
<item name="B6" rev="2">
<attrib name="value" value="702"/></item>
<item name="BMUX" rev="2">
<attrib name="value" value="130"/></item>
<item name="BQ" rev="2">
<attrib name="value" value="454"/></item>
<item name="BX" rev="2">
<attrib name="value" value="372"/></item>
<item name="C" rev="2">
<attrib name="value" value="217"/></item>
<item name="C1" rev="2">
<attrib name="value" value="299"/></item>
<item name="C2" rev="2">
<attrib name="value" value="418"/></item>
<item name="C3" rev="2">
<attrib name="value" value="458"/></item>
<item name="C4" rev="2">
<attrib name="value" value="511"/></item>
<item name="C5" rev="2">
<attrib name="value" value="537"/></item>
<item name="C6" rev="2">
<attrib name="value" value="565"/></item>
<item name="CE" rev="2">
<attrib name="value" value="343"/></item>
<item name="CIN" rev="2">
<attrib name="value" value="92"/></item>
<item name="CLK" rev="2">
<attrib name="value" value="590"/></item>
<item name="CMUX" rev="2">
<attrib name="value" value="247"/></item>
<item name="COUT" rev="2">
<attrib name="value" value="92"/></item>
<item name="CQ" rev="2">
<attrib name="value" value="468"/></item>
<item name="CX" rev="2">
<attrib name="value" value="477"/></item>
<item name="D" rev="2">
<attrib name="value" value="366"/></item>
<item name="D1" rev="2">
<attrib name="value" value="420"/></item>
<item name="D2" rev="2">
<attrib name="value" value="533"/></item>
<item name="D3" rev="2">
<attrib name="value" value="566"/></item>
<item name="D4" rev="2">
<attrib name="value" value="590"/></item>
<item name="D5" rev="2">
<attrib name="value" value="614"/></item>
<item name="D6" rev="2">
<attrib name="value" value="640"/></item>
<item name="DMUX" rev="2">
<attrib name="value" value="125"/></item>
<item name="DQ" rev="2">
<attrib name="value" value="395"/></item>
<item name="DX" rev="2">
<attrib name="value" value="357"/></item>
<item name="SR" rev="2">
<attrib name="value" value="469"/></item>
</group>
<group name="IOB_OUTBUF">
<item name="IN" rev="2">
<attrib name="value" value="5"/></item>
<item name="OUT" rev="2">
<attrib name="value" value="5"/></item>
</group>
<group name="BUFG_BUFG">
<item name="I0" rev="2">
<attrib name="value" value="6"/></item>
<item name="O" rev="2">
<attrib name="value" value="6"/></item>
</group>
<group name="IOB_INBUF_EN">
<item name="INTERMDISABLE" rev="2">
<attrib name="value" value="22"/></item>
<item name="OUT" rev="2">
<attrib name="value" value="22"/></item>
<item name="PAD" rev="2">
<attrib name="value" value="22"/></item>
</group>
<group name="PAD">
<item name="PAD" rev="2">
<attrib name="value" value="38"/></item>
</group>
<group name="CARRY4">
<item name="CIN" rev="2">
<attrib name="value" value="92"/></item>
<item name="CO0" rev="2">
<attrib name="value" value="3"/></item>
<item name="CO1" rev="2">
<attrib name="value" value="3"/></item>
<item name="CO2" rev="2">
<attrib name="value" value="4"/></item>
<item name="CO3" rev="2">
<attrib name="value" value="92"/></item>
<item name="CYINIT" rev="2">
<attrib name="value" value="19"/></item>
<item name="DI0" rev="2">
<attrib name="value" value="105"/></item>
<item name="DI1" rev="2">
<attrib name="value" value="102"/></item>
<item name="DI2" rev="2">
<attrib name="value" value="101"/></item>
<item name="DI3" rev="2">
<attrib name="value" value="90"/></item>
<item name="O0" rev="2">
<attrib name="value" value="92"/></item>
<item name="O1" rev="2">
<attrib name="value" value="89"/></item>
<item name="O2" rev="2">
<attrib name="value" value="86"/></item>
<item name="O3" rev="2">
<attrib name="value" value="85"/></item>
<item name="S0" rev="2">
<attrib name="value" value="111"/></item>
<item name="S1" rev="2">
<attrib name="value" value="107"/></item>
<item name="S2" rev="2">
<attrib name="value" value="102"/></item>
<item name="S3" rev="2">
<attrib name="value" value="97"/></item>
</group>
<group name="LUT5">
<item name="A1" rev="2">
<attrib name="value" value="90"/></item>
<item name="A2" rev="2">
<attrib name="value" value="193"/></item>
<item name="A3" rev="2">
<attrib name="value" value="202"/></item>
<item name="A4" rev="2">
<attrib name="value" value="182"/></item>
<item name="A5" rev="2">
<attrib name="value" value="126"/></item>
<item name="O5" rev="2">
<attrib name="value" value="437"/></item>
</group>
<group name="LUT6">
<item name="A1" rev="2">
<attrib name="value" value="1590"/></item>
<item name="A2" rev="2">
<attrib name="value" value="2153"/></item>
<item name="A3" rev="2">
<attrib name="value" value="2406"/></item>
<item name="A4" rev="2">
<attrib name="value" value="2573"/></item>
<item name="A5" rev="2">
<attrib name="value" value="2680"/></item>
<item name="A6" rev="2">
<attrib name="value" value="2799"/></item>
<item name="O6" rev="2">
<attrib name="value" value="2818"/></item>
</group>
<group name="IOB33">
<item name="O" rev="2">
<attrib name="value" value="11"/></item>
<item name="PAD" rev="2">
<attrib name="value" value="11"/></item>
</group>
<group name="SELMUX2_1">
<item name="0" rev="2">
<attrib name="value" value="126"/></item>
<item name="1" rev="2">
<attrib name="value" value="126"/></item>
<item name="OUT" rev="2">
<attrib name="value" value="126"/></item>
<item name="S0" rev="2">
<attrib name="value" value="126"/></item>
</group>
<group name="IOB">
<item name="I" rev="2">
<attrib name="value" value="22"/></item>
<item name="O" rev="2">
<attrib name="value" value="5"/></item>
<item name="PAD" rev="2">
<attrib name="value" value="27"/></item>
</group>
<group name="FF_INIT">
<item name="CE" rev="2">
<attrib name="value" value="22"/></item>
<item name="CK" rev="2">
<attrib name="value" value="73"/></item>
<item name="D" rev="2">
<attrib name="value" value="73"/></item>
<item name="Q" rev="2">
<attrib name="value" value="73"/></item>
<item name="SR" rev="2">
<attrib name="value" value="71"/></item>
</group>
<group name="RAMB36E1">
<item name="ADDRARDADDRL0" rev="2">
<attrib name="value" value="1"/></item>
<item name="ADDRARDADDRL1" rev="2">
<attrib name="value" value="1"/></item>
<item name="ADDRARDADDRL10" rev="2">
<attrib name="value" value="1"/></item>
<item name="ADDRARDADDRL11" rev="2">
<attrib name="value" value="1"/></item>
<item name="ADDRARDADDRL12" rev="2">
<attrib name="value" value="1"/></item>
<item name="ADDRARDADDRL13" rev="2">
<attrib name="value" value="1"/></item>
<item name="ADDRARDADDRL14" rev="2">
<attrib name="value" value="1"/></item>
<item name="ADDRARDADDRL15" rev="2">
<attrib name="value" value="1"/></item>
<item name="ADDRARDADDRL2" rev="2">
<attrib name="value" value="1"/></item>
<item name="ADDRARDADDRL3" rev="2">
<attrib name="value" value="1"/></item>
<item name="ADDRARDADDRL4" rev="2">
<attrib name="value" value="1"/></item>
<item name="ADDRARDADDRL5" rev="2">
<attrib name="value" value="1"/></item>
<item name="ADDRARDADDRL6" rev="2">
<attrib name="value" value="1"/></item>
<item name="ADDRARDADDRL7" rev="2">
<attrib name="value" value="1"/></item>
<item name="ADDRARDADDRL8" rev="2">
<attrib name="value" value="1"/></item>
<item name="ADDRARDADDRL9" rev="2">
<attrib name="value" value="1"/></item>
<item name="ADDRARDADDRU0" rev="2">
<attrib name="value" value="1"/></item>
<item name="ADDRARDADDRU1" rev="2">
<attrib name="value" value="1"/></item>
<item name="ADDRARDADDRU10" rev="2">
<attrib name="value" value="1"/></item>
<item name="ADDRARDADDRU11" rev="2">
<attrib name="value" value="1"/></item>
<item name="ADDRARDADDRU12" rev="2">
<attrib name="value" value="1"/></item>
<item name="ADDRARDADDRU13" rev="2">
<attrib name="value" value="1"/></item>
<item name="ADDRARDADDRU14" rev="2">
<attrib name="value" value="1"/></item>
<item name="ADDRARDADDRU2" rev="2">
<attrib name="value" value="1"/></item>
<item name="ADDRARDADDRU3" rev="2">
<attrib name="value" value="1"/></item>
<item name="ADDRARDADDRU4" rev="2">
<attrib name="value" value="1"/></item>
<item name="ADDRARDADDRU5" rev="2">
<attrib name="value" value="1"/></item>
<item name="ADDRARDADDRU6" rev="2">
<attrib name="value" value="1"/></item>
<item name="ADDRARDADDRU7" rev="2">
<attrib name="value" value="1"/></item>
<item name="ADDRARDADDRU8" rev="2">
<attrib name="value" value="1"/></item>
<item name="ADDRARDADDRU9" rev="2">
<attrib name="value" value="1"/></item>
<item name="ADDRBWRADDRL0" rev="2">
<attrib name="value" value="1"/></item>
<item name="ADDRBWRADDRL1" rev="2">
<attrib name="value" value="1"/></item>
<item name="ADDRBWRADDRL10" rev="2">
<attrib name="value" value="1"/></item>
<item name="ADDRBWRADDRL11" rev="2">
<attrib name="value" value="1"/></item>
<item name="ADDRBWRADDRL12" rev="2">
<attrib name="value" value="1"/></item>
<item name="ADDRBWRADDRL13" rev="2">
<attrib name="value" value="1"/></item>
<item name="ADDRBWRADDRL14" rev="2">
<attrib name="value" value="1"/></item>
<item name="ADDRBWRADDRL15" rev="2">
<attrib name="value" value="1"/></item>
<item name="ADDRBWRADDRL2" rev="2">
<attrib name="value" value="1"/></item>
<item name="ADDRBWRADDRL3" rev="2">
<attrib name="value" value="1"/></item>
<item name="ADDRBWRADDRL4" rev="2">
<attrib name="value" value="1"/></item>
<item name="ADDRBWRADDRL5" rev="2">
<attrib name="value" value="1"/></item>
<item name="ADDRBWRADDRL6" rev="2">
<attrib name="value" value="1"/></item>
<item name="ADDRBWRADDRL7" rev="2">
<attrib name="value" value="1"/></item>
<item name="ADDRBWRADDRL8" rev="2">
<attrib name="value" value="1"/></item>
<item name="ADDRBWRADDRL9" rev="2">
<attrib name="value" value="1"/></item>
<item name="ADDRBWRADDRU0" rev="2">
<attrib name="value" value="1"/></item>
<item name="ADDRBWRADDRU1" rev="2">
<attrib name="value" value="1"/></item>
<item name="ADDRBWRADDRU10" rev="2">
<attrib name="value" value="1"/></item>
<item name="ADDRBWRADDRU11" rev="2">
<attrib name="value" value="1"/></item>
<item name="ADDRBWRADDRU12" rev="2">
<attrib name="value" value="1"/></item>
<item name="ADDRBWRADDRU13" rev="2">
<attrib name="value" value="1"/></item>
<item name="ADDRBWRADDRU14" rev="2">
<attrib name="value" value="1"/></item>
<item name="ADDRBWRADDRU2" rev="2">
<attrib name="value" value="1"/></item>
<item name="ADDRBWRADDRU3" rev="2">
<attrib name="value" value="1"/></item>
<item name="ADDRBWRADDRU4" rev="2">
<attrib name="value" value="1"/></item>
<item name="ADDRBWRADDRU5" rev="2">
<attrib name="value" value="1"/></item>
<item name="ADDRBWRADDRU6" rev="2">
<attrib name="value" value="1"/></item>
<item name="ADDRBWRADDRU7" rev="2">
<attrib name="value" value="1"/></item>
<item name="ADDRBWRADDRU8" rev="2">
<attrib name="value" value="1"/></item>
<item name="ADDRBWRADDRU9" rev="2">
<attrib name="value" value="1"/></item>
<item name="CLKARDCLKL" rev="2">
<attrib name="value" value="1"/></item>
<item name="CLKARDCLKU" rev="2">
<attrib name="value" value="1"/></item>
<item name="CLKBWRCLKL" rev="2">
<attrib name="value" value="1"/></item>
<item name="CLKBWRCLKU" rev="2">
<attrib name="value" value="1"/></item>
<item name="DIADI0" rev="2">
<attrib name="value" value="1"/></item>
<item name="DIADI1" rev="2">
<attrib name="value" value="1"/></item>
<item name="DIADI10" rev="2">
<attrib name="value" value="1"/></item>
<item name="DIADI11" rev="2">
<attrib name="value" value="1"/></item>
<item name="DIADI12" rev="2">
<attrib name="value" value="1"/></item>
<item name="DIADI13" rev="2">
<attrib name="value" value="1"/></item>
<item name="DIADI14" rev="2">
<attrib name="value" value="1"/></item>
<item name="DIADI15" rev="2">
<attrib name="value" value="1"/></item>
<item name="DIADI16" rev="2">
<attrib name="value" value="1"/></item>
<item name="DIADI17" rev="2">
<attrib name="value" value="1"/></item>
<item name="DIADI18" rev="2">
<attrib name="value" value="1"/></item>
<item name="DIADI19" rev="2">
<attrib name="value" value="1"/></item>
<item name="DIADI2" rev="2">
<attrib name="value" value="1"/></item>
<item name="DIADI20" rev="2">
<attrib name="value" value="1"/></item>
<item name="DIADI21" rev="2">
<attrib name="value" value="1"/></item>
<item name="DIADI22" rev="2">
<attrib name="value" value="1"/></item>
<item name="DIADI23" rev="2">
<attrib name="value" value="1"/></item>
<item name="DIADI24" rev="2">
<attrib name="value" value="1"/></item>
<item name="DIADI25" rev="2">
<attrib name="value" value="1"/></item>
<item name="DIADI26" rev="2">
<attrib name="value" value="1"/></item>
<item name="DIADI27" rev="2">
<attrib name="value" value="1"/></item>
<item name="DIADI28" rev="2">
<attrib name="value" value="1"/></item>
<item name="DIADI29" rev="2">
<attrib name="value" value="1"/></item>
<item name="DIADI3" rev="2">
<attrib name="value" value="1"/></item>
<item name="DIADI30" rev="2">
<attrib name="value" value="1"/></item>
<item name="DIADI31" rev="2">
<attrib name="value" value="1"/></item>
<item name="DIADI4" rev="2">
<attrib name="value" value="1"/></item>
<item name="DIADI5" rev="2">
<attrib name="value" value="1"/></item>
<item name="DIADI6" rev="2">
<attrib name="value" value="1"/></item>
<item name="DIADI7" rev="2">
<attrib name="value" value="1"/></item>
<item name="DIADI8" rev="2">
<attrib name="value" value="1"/></item>
<item name="DIADI9" rev="2">
<attrib name="value" value="1"/></item>
<item name="DIBDI0" rev="2">
<attrib name="value" value="1"/></item>
<item name="DIBDI1" rev="2">
<attrib name="value" value="1"/></item>
<item name="DIBDI10" rev="2">
<attrib name="value" value="1"/></item>
<item name="DIBDI11" rev="2">
<attrib name="value" value="1"/></item>
<item name="DIBDI12" rev="2">
<attrib name="value" value="1"/></item>
<item name="DIBDI13" rev="2">
<attrib name="value" value="1"/></item>
<item name="DIBDI14" rev="2">
<attrib name="value" value="1"/></item>
<item name="DIBDI15" rev="2">
<attrib name="value" value="1"/></item>
<item name="DIBDI16" rev="2">
<attrib name="value" value="1"/></item>
<item name="DIBDI17" rev="2">
<attrib name="value" value="1"/></item>
<item name="DIBDI18" rev="2">
<attrib name="value" value="1"/></item>
<item name="DIBDI19" rev="2">
<attrib name="value" value="1"/></item>
<item name="DIBDI2" rev="2">
<attrib name="value" value="1"/></item>
<item name="DIBDI20" rev="2">
<attrib name="value" value="1"/></item>
<item name="DIBDI21" rev="2">
<attrib name="value" value="1"/></item>
<item name="DIBDI22" rev="2">
<attrib name="value" value="1"/></item>
<item name="DIBDI23" rev="2">
<attrib name="value" value="1"/></item>
<item name="DIBDI24" rev="2">
<attrib name="value" value="1"/></item>
<item name="DIBDI25" rev="2">
<attrib name="value" value="1"/></item>
<item name="DIBDI26" rev="2">
<attrib name="value" value="1"/></item>
<item name="DIBDI27" rev="2">
<attrib name="value" value="1"/></item>
<item name="DIBDI28" rev="2">
<attrib name="value" value="1"/></item>
<item name="DIBDI29" rev="2">
<attrib name="value" value="1"/></item>
<item name="DIBDI3" rev="2">
<attrib name="value" value="1"/></item>
<item name="DIBDI30" rev="2">
<attrib name="value" value="1"/></item>
<item name="DIBDI31" rev="2">
<attrib name="value" value="1"/></item>
<item name="DIBDI4" rev="2">
<attrib name="value" value="1"/></item>
<item name="DIBDI5" rev="2">
<attrib name="value" value="1"/></item>
<item name="DIBDI6" rev="2">
<attrib name="value" value="1"/></item>
<item name="DIBDI7" rev="2">
<attrib name="value" value="1"/></item>
<item name="DIBDI8" rev="2">
<attrib name="value" value="1"/></item>
<item name="DIBDI9" rev="2">
<attrib name="value" value="1"/></item>
<item name="DIPADIP0" rev="2">
<attrib name="value" value="1"/></item>
<item name="DIPADIP1" rev="2">
<attrib name="value" value="1"/></item>
<item name="DIPADIP2" rev="2">
<attrib name="value" value="1"/></item>
<item name="DIPADIP3" rev="2">
<attrib name="value" value="1"/></item>
<item name="DIPBDIP0" rev="2">
<attrib name="value" value="1"/></item>
<item name="DIPBDIP1" rev="2">
<attrib name="value" value="1"/></item>
<item name="DIPBDIP2" rev="2">
<attrib name="value" value="1"/></item>
<item name="DIPBDIP3" rev="2">
<attrib name="value" value="1"/></item>
<item name="DOADO0" rev="2">
<attrib name="value" value="1"/></item>
<item name="DOADO1" rev="2">
<attrib name="value" value="1"/></item>
<item name="DOADO10" rev="2">
<attrib name="value" value="1"/></item>
<item name="DOADO11" rev="2">
<attrib name="value" value="1"/></item>
<item name="DOADO12" rev="2">
<attrib name="value" value="1"/></item>
<item name="DOADO13" rev="2">
<attrib name="value" value="1"/></item>
<item name="DOADO14" rev="2">
<attrib name="value" value="1"/></item>
<item name="DOADO15" rev="2">
<attrib name="value" value="1"/></item>
<item name="DOADO16" rev="2">
<attrib name="value" value="1"/></item>
<item name="DOADO17" rev="2">
<attrib name="value" value="1"/></item>
<item name="DOADO18" rev="2">
<attrib name="value" value="1"/></item>
<item name="DOADO19" rev="2">
<attrib name="value" value="1"/></item>
<item name="DOADO2" rev="2">
<attrib name="value" value="1"/></item>
<item name="DOADO20" rev="2">
<attrib name="value" value="1"/></item>
<item name="DOADO21" rev="2">
<attrib name="value" value="1"/></item>
<item name="DOADO22" rev="2">
<attrib name="value" value="1"/></item>
<item name="DOADO23" rev="2">
<attrib name="value" value="1"/></item>
<item name="DOADO24" rev="2">
<attrib name="value" value="1"/></item>
<item name="DOADO25" rev="2">
<attrib name="value" value="1"/></item>
<item name="DOADO26" rev="2">
<attrib name="value" value="1"/></item>
<item name="DOADO27" rev="2">
<attrib name="value" value="1"/></item>
<item name="DOADO28" rev="2">
<attrib name="value" value="1"/></item>
<item name="DOADO29" rev="2">
<attrib name="value" value="1"/></item>
<item name="DOADO3" rev="2">
<attrib name="value" value="1"/></item>
<item name="DOADO30" rev="2">
<attrib name="value" value="1"/></item>
<item name="DOADO31" rev="2">
<attrib name="value" value="1"/></item>
<item name="DOADO4" rev="2">
<attrib name="value" value="1"/></item>
<item name="DOADO5" rev="2">
<attrib name="value" value="1"/></item>
<item name="DOADO6" rev="2">
<attrib name="value" value="1"/></item>
<item name="DOADO7" rev="2">
<attrib name="value" value="1"/></item>
<item name="DOADO8" rev="2">
<attrib name="value" value="1"/></item>
<item name="DOADO9" rev="2">
<attrib name="value" value="1"/></item>
<item name="ENARDENL" rev="2">
<attrib name="value" value="1"/></item>
<item name="ENARDENU" rev="2">
<attrib name="value" value="1"/></item>
<item name="ENBWRENL" rev="2">
<attrib name="value" value="1"/></item>
<item name="ENBWRENU" rev="2">
<attrib name="value" value="1"/></item>
<item name="INJECTDBITERR" rev="2">
<attrib name="value" value="1"/></item>
<item name="INJECTSBITERR" rev="2">
<attrib name="value" value="1"/></item>
<item name="REGCEAREGCEL" rev="2">
<attrib name="value" value="1"/></item>
<item name="REGCEAREGCEU" rev="2">
<attrib name="value" value="1"/></item>
<item name="REGCEBL" rev="2">
<attrib name="value" value="1"/></item>
<item name="REGCEBU" rev="2">
<attrib name="value" value="1"/></item>
<item name="REGCLKARDRCLKL" rev="2">
<attrib name="value" value="1"/></item>
<item name="REGCLKARDRCLKU" rev="2">
<attrib name="value" value="1"/></item>
<item name="REGCLKBL" rev="2">
<attrib name="value" value="1"/></item>
<item name="REGCLKBU" rev="2">
<attrib name="value" value="1"/></item>
<item name="RSTRAMARSTRAML" rev="2">
<attrib name="value" value="1"/></item>
<item name="RSTRAMARSTRAMU" rev="2">
<attrib name="value" value="1"/></item>
<item name="RSTRAMBL" rev="2">
<attrib name="value" value="1"/></item>
<item name="RSTRAMBU" rev="2">
<attrib name="value" value="1"/></item>
<item name="RSTREGARSTREGL" rev="2">
<attrib name="value" value="1"/></item>
<item name="RSTREGARSTREGU" rev="2">
<attrib name="value" value="1"/></item>
<item name="RSTREGBL" rev="2">
<attrib name="value" value="1"/></item>
<item name="RSTREGBU" rev="2">
<attrib name="value" value="1"/></item>
<item name="WEAL0" rev="2">
<attrib name="value" value="1"/></item>
<item name="WEAL1" rev="2">
<attrib name="value" value="1"/></item>
<item name="WEAL2" rev="2">
<attrib name="value" value="1"/></item>
<item name="WEAL3" rev="2">
<attrib name="value" value="1"/></item>
<item name="WEAU0" rev="2">
<attrib name="value" value="1"/></item>
<item name="WEAU1" rev="2">
<attrib name="value" value="1"/></item>
<item name="WEAU2" rev="2">
<attrib name="value" value="1"/></item>
<item name="WEAU3" rev="2">
<attrib name="value" value="1"/></item>
<item name="WEBWEL0" rev="2">
<attrib name="value" value="1"/></item>
<item name="WEBWEL1" rev="2">
<attrib name="value" value="1"/></item>
<item name="WEBWEL2" rev="2">
<attrib name="value" value="1"/></item>
<item name="WEBWEL3" rev="2">
<attrib name="value" value="1"/></item>
<item name="WEBWEL4" rev="2">
<attrib name="value" value="1"/></item>
<item name="WEBWEL5" rev="2">
<attrib name="value" value="1"/></item>
<item name="WEBWEL6" rev="2">
<attrib name="value" value="1"/></item>
<item name="WEBWEL7" rev="2">
<attrib name="value" value="1"/></item>
<item name="WEBWEU0" rev="2">
<attrib name="value" value="1"/></item>
<item name="WEBWEU1" rev="2">
<attrib name="value" value="1"/></item>
<item name="WEBWEU2" rev="2">
<attrib name="value" value="1"/></item>
<item name="WEBWEU3" rev="2">
<attrib name="value" value="1"/></item>
<item name="WEBWEU4" rev="2">
<attrib name="value" value="1"/></item>
<item name="WEBWEU5" rev="2">
<attrib name="value" value="1"/></item>
<item name="WEBWEU6" rev="2">
<attrib name="value" value="1"/></item>
<item name="WEBWEU7" rev="2">
<attrib name="value" value="1"/></item>
</group>
<group name="HARD0">
<item name="0" rev="2">
<attrib name="value" value="35"/></item>
</group>
<group name="HARD1">
<item name="1" rev="2">
<attrib name="value" value="6"/></item>
</group>
<group name="BUFG">
<item name="I0" rev="2">
<attrib name="value" value="6"/></item>
<item name="O" rev="2">
<attrib name="value" value="6"/></item>
</group>
<group name="RAMB36E1_RAMB36E1">
<item name="ADDRARDADDRL0" rev="2">
<attrib name="value" value="1"/></item>
<item name="ADDRARDADDRL1" rev="2">
<attrib name="value" value="1"/></item>
<item name="ADDRARDADDRL10" rev="2">
<attrib name="value" value="1"/></item>
<item name="ADDRARDADDRL11" rev="2">
<attrib name="value" value="1"/></item>
<item name="ADDRARDADDRL12" rev="2">
<attrib name="value" value="1"/></item>
<item name="ADDRARDADDRL13" rev="2">
<attrib name="value" value="1"/></item>
<item name="ADDRARDADDRL14" rev="2">
<attrib name="value" value="1"/></item>
<item name="ADDRARDADDRL15" rev="2">
<attrib name="value" value="1"/></item>
<item name="ADDRARDADDRL2" rev="2">
<attrib name="value" value="1"/></item>
<item name="ADDRARDADDRL3" rev="2">
<attrib name="value" value="1"/></item>
<item name="ADDRARDADDRL4" rev="2">
<attrib name="value" value="1"/></item>
<item name="ADDRARDADDRL5" rev="2">
<attrib name="value" value="1"/></item>
<item name="ADDRARDADDRL6" rev="2">
<attrib name="value" value="1"/></item>
<item name="ADDRARDADDRL7" rev="2">
<attrib name="value" value="1"/></item>
<item name="ADDRARDADDRL8" rev="2">
<attrib name="value" value="1"/></item>
<item name="ADDRARDADDRL9" rev="2">
<attrib name="value" value="1"/></item>
<item name="ADDRARDADDRU0" rev="2">
<attrib name="value" value="1"/></item>
<item name="ADDRARDADDRU1" rev="2">
<attrib name="value" value="1"/></item>
<item name="ADDRARDADDRU10" rev="2">
<attrib name="value" value="1"/></item>
<item name="ADDRARDADDRU11" rev="2">
<attrib name="value" value="1"/></item>
<item name="ADDRARDADDRU12" rev="2">
<attrib name="value" value="1"/></item>
<item name="ADDRARDADDRU13" rev="2">
<attrib name="value" value="1"/></item>
<item name="ADDRARDADDRU14" rev="2">
<attrib name="value" value="1"/></item>
<item name="ADDRARDADDRU2" rev="2">
<attrib name="value" value="1"/></item>
<item name="ADDRARDADDRU3" rev="2">
<attrib name="value" value="1"/></item>
<item name="ADDRARDADDRU4" rev="2">
<attrib name="value" value="1"/></item>
<item name="ADDRARDADDRU5" rev="2">
<attrib name="value" value="1"/></item>
<item name="ADDRARDADDRU6" rev="2">
<attrib name="value" value="1"/></item>
<item name="ADDRARDADDRU7" rev="2">
<attrib name="value" value="1"/></item>
<item name="ADDRARDADDRU8" rev="2">
<attrib name="value" value="1"/></item>
<item name="ADDRARDADDRU9" rev="2">
<attrib name="value" value="1"/></item>
<item name="ADDRBWRADDRL0" rev="2">
<attrib name="value" value="1"/></item>
<item name="ADDRBWRADDRL1" rev="2">
<attrib name="value" value="1"/></item>
<item name="ADDRBWRADDRL10" rev="2">
<attrib name="value" value="1"/></item>
<item name="ADDRBWRADDRL11" rev="2">
<attrib name="value" value="1"/></item>
<item name="ADDRBWRADDRL12" rev="2">
<attrib name="value" value="1"/></item>
<item name="ADDRBWRADDRL13" rev="2">
<attrib name="value" value="1"/></item>
<item name="ADDRBWRADDRL14" rev="2">
<attrib name="value" value="1"/></item>
<item name="ADDRBWRADDRL15" rev="2">
<attrib name="value" value="1"/></item>
<item name="ADDRBWRADDRL2" rev="2">
<attrib name="value" value="1"/></item>
<item name="ADDRBWRADDRL3" rev="2">
<attrib name="value" value="1"/></item>
<item name="ADDRBWRADDRL4" rev="2">
<attrib name="value" value="1"/></item>
<item name="ADDRBWRADDRL5" rev="2">
<attrib name="value" value="1"/></item>
<item name="ADDRBWRADDRL6" rev="2">
<attrib name="value" value="1"/></item>
<item name="ADDRBWRADDRL7" rev="2">
<attrib name="value" value="1"/></item>
<item name="ADDRBWRADDRL8" rev="2">
<attrib name="value" value="1"/></item>
<item name="ADDRBWRADDRL9" rev="2">
<attrib name="value" value="1"/></item>
<item name="ADDRBWRADDRU0" rev="2">
<attrib name="value" value="1"/></item>
<item name="ADDRBWRADDRU1" rev="2">
<attrib name="value" value="1"/></item>
<item name="ADDRBWRADDRU10" rev="2">
<attrib name="value" value="1"/></item>
<item name="ADDRBWRADDRU11" rev="2">
<attrib name="value" value="1"/></item>
<item name="ADDRBWRADDRU12" rev="2">
<attrib name="value" value="1"/></item>
<item name="ADDRBWRADDRU13" rev="2">
<attrib name="value" value="1"/></item>
<item name="ADDRBWRADDRU14" rev="2">
<attrib name="value" value="1"/></item>
<item name="ADDRBWRADDRU2" rev="2">
<attrib name="value" value="1"/></item>
<item name="ADDRBWRADDRU3" rev="2">
<attrib name="value" value="1"/></item>
<item name="ADDRBWRADDRU4" rev="2">
<attrib name="value" value="1"/></item>
<item name="ADDRBWRADDRU5" rev="2">
<attrib name="value" value="1"/></item>
<item name="ADDRBWRADDRU6" rev="2">
<attrib name="value" value="1"/></item>
<item name="ADDRBWRADDRU7" rev="2">
<attrib name="value" value="1"/></item>
<item name="ADDRBWRADDRU8" rev="2">
<attrib name="value" value="1"/></item>
<item name="ADDRBWRADDRU9" rev="2">
<attrib name="value" value="1"/></item>
<item name="CLKARDCLKL" rev="2">
<attrib name="value" value="1"/></item>
<item name="CLKARDCLKU" rev="2">
<attrib name="value" value="1"/></item>
<item name="CLKBWRCLKL" rev="2">
<attrib name="value" value="1"/></item>
<item name="CLKBWRCLKU" rev="2">
<attrib name="value" value="1"/></item>
<item name="DIADI0" rev="2">
<attrib name="value" value="1"/></item>
<item name="DIADI1" rev="2">
<attrib name="value" value="1"/></item>
<item name="DIADI10" rev="2">
<attrib name="value" value="1"/></item>
<item name="DIADI11" rev="2">
<attrib name="value" value="1"/></item>
<item name="DIADI12" rev="2">
<attrib name="value" value="1"/></item>
<item name="DIADI13" rev="2">
<attrib name="value" value="1"/></item>
<item name="DIADI14" rev="2">
<attrib name="value" value="1"/></item>
<item name="DIADI15" rev="2">
<attrib name="value" value="1"/></item>
<item name="DIADI16" rev="2">
<attrib name="value" value="1"/></item>
<item name="DIADI17" rev="2">
<attrib name="value" value="1"/></item>
<item name="DIADI18" rev="2">
<attrib name="value" value="1"/></item>
<item name="DIADI19" rev="2">
<attrib name="value" value="1"/></item>
<item name="DIADI2" rev="2">
<attrib name="value" value="1"/></item>
<item name="DIADI20" rev="2">
<attrib name="value" value="1"/></item>
<item name="DIADI21" rev="2">
<attrib name="value" value="1"/></item>
<item name="DIADI22" rev="2">
<attrib name="value" value="1"/></item>
<item name="DIADI23" rev="2">
<attrib name="value" value="1"/></item>
<item name="DIADI24" rev="2">
<attrib name="value" value="1"/></item>
<item name="DIADI25" rev="2">
<attrib name="value" value="1"/></item>
<item name="DIADI26" rev="2">
<attrib name="value" value="1"/></item>
<item name="DIADI27" rev="2">
<attrib name="value" value="1"/></item>
<item name="DIADI28" rev="2">
<attrib name="value" value="1"/></item>
<item name="DIADI29" rev="2">
<attrib name="value" value="1"/></item>
<item name="DIADI3" rev="2">
<attrib name="value" value="1"/></item>
<item name="DIADI30" rev="2">
<attrib name="value" value="1"/></item>
<item name="DIADI31" rev="2">
<attrib name="value" value="1"/></item>
<item name="DIADI4" rev="2">
<attrib name="value" value="1"/></item>
<item name="DIADI5" rev="2">
<attrib name="value" value="1"/></item>
<item name="DIADI6" rev="2">
<attrib name="value" value="1"/></item>
<item name="DIADI7" rev="2">
<attrib name="value" value="1"/></item>
<item name="DIADI8" rev="2">
<attrib name="value" value="1"/></item>
<item name="DIADI9" rev="2">
<attrib name="value" value="1"/></item>
<item name="DIBDI0" rev="2">
<attrib name="value" value="1"/></item>
<item name="DIBDI1" rev="2">
<attrib name="value" value="1"/></item>
<item name="DIBDI10" rev="2">
<attrib name="value" value="1"/></item>
<item name="DIBDI11" rev="2">
<attrib name="value" value="1"/></item>
<item name="DIBDI12" rev="2">
<attrib name="value" value="1"/></item>
<item name="DIBDI13" rev="2">
<attrib name="value" value="1"/></item>
<item name="DIBDI14" rev="2">
<attrib name="value" value="1"/></item>
<item name="DIBDI15" rev="2">
<attrib name="value" value="1"/></item>
<item name="DIBDI16" rev="2">
<attrib name="value" value="1"/></item>
<item name="DIBDI17" rev="2">
<attrib name="value" value="1"/></item>
<item name="DIBDI18" rev="2">
<attrib name="value" value="1"/></item>
<item name="DIBDI19" rev="2">
<attrib name="value" value="1"/></item>
<item name="DIBDI2" rev="2">
<attrib name="value" value="1"/></item>
<item name="DIBDI20" rev="2">
<attrib name="value" value="1"/></item>
<item name="DIBDI21" rev="2">
<attrib name="value" value="1"/></item>
<item name="DIBDI22" rev="2">
<attrib name="value" value="1"/></item>
<item name="DIBDI23" rev="2">
<attrib name="value" value="1"/></item>
<item name="DIBDI24" rev="2">
<attrib name="value" value="1"/></item>
<item name="DIBDI25" rev="2">
<attrib name="value" value="1"/></item>
<item name="DIBDI26" rev="2">
<attrib name="value" value="1"/></item>
<item name="DIBDI27" rev="2">
<attrib name="value" value="1"/></item>
<item name="DIBDI28" rev="2">
<attrib name="value" value="1"/></item>
<item name="DIBDI29" rev="2">
<attrib name="value" value="1"/></item>
<item name="DIBDI3" rev="2">
<attrib name="value" value="1"/></item>
<item name="DIBDI30" rev="2">
<attrib name="value" value="1"/></item>
<item name="DIBDI31" rev="2">
<attrib name="value" value="1"/></item>
<item name="DIBDI4" rev="2">
<attrib name="value" value="1"/></item>
<item name="DIBDI5" rev="2">
<attrib name="value" value="1"/></item>
<item name="DIBDI6" rev="2">
<attrib name="value" value="1"/></item>
<item name="DIBDI7" rev="2">
<attrib name="value" value="1"/></item>
<item name="DIBDI8" rev="2">
<attrib name="value" value="1"/></item>
<item name="DIBDI9" rev="2">
<attrib name="value" value="1"/></item>
<item name="DIPADIP0" rev="2">
<attrib name="value" value="1"/></item>
<item name="DIPADIP1" rev="2">
<attrib name="value" value="1"/></item>
<item name="DIPADIP2" rev="2">
<attrib name="value" value="1"/></item>
<item name="DIPADIP3" rev="2">
<attrib name="value" value="1"/></item>
<item name="DIPBDIP0" rev="2">
<attrib name="value" value="1"/></item>
<item name="DIPBDIP1" rev="2">
<attrib name="value" value="1"/></item>
<item name="DIPBDIP2" rev="2">
<attrib name="value" value="1"/></item>
<item name="DIPBDIP3" rev="2">
<attrib name="value" value="1"/></item>
<item name="DOADO0" rev="2">
<attrib name="value" value="1"/></item>
<item name="DOADO1" rev="2">
<attrib name="value" value="1"/></item>
<item name="DOADO10" rev="2">
<attrib name="value" value="1"/></item>
<item name="DOADO11" rev="2">
<attrib name="value" value="1"/></item>
<item name="DOADO12" rev="2">
<attrib name="value" value="1"/></item>
<item name="DOADO13" rev="2">
<attrib name="value" value="1"/></item>
<item name="DOADO14" rev="2">
<attrib name="value" value="1"/></item>
<item name="DOADO15" rev="2">
<attrib name="value" value="1"/></item>
<item name="DOADO16" rev="2">
<attrib name="value" value="1"/></item>
<item name="DOADO17" rev="2">
<attrib name="value" value="1"/></item>
<item name="DOADO18" rev="2">
<attrib name="value" value="1"/></item>
<item name="DOADO19" rev="2">
<attrib name="value" value="1"/></item>
<item name="DOADO2" rev="2">
<attrib name="value" value="1"/></item>
<item name="DOADO20" rev="2">
<attrib name="value" value="1"/></item>
<item name="DOADO21" rev="2">
<attrib name="value" value="1"/></item>
<item name="DOADO22" rev="2">
<attrib name="value" value="1"/></item>
<item name="DOADO23" rev="2">
<attrib name="value" value="1"/></item>
<item name="DOADO24" rev="2">
<attrib name="value" value="1"/></item>
<item name="DOADO25" rev="2">
<attrib name="value" value="1"/></item>
<item name="DOADO26" rev="2">
<attrib name="value" value="1"/></item>
<item name="DOADO27" rev="2">
<attrib name="value" value="1"/></item>
<item name="DOADO28" rev="2">
<attrib name="value" value="1"/></item>
<item name="DOADO29" rev="2">
<attrib name="value" value="1"/></item>
<item name="DOADO3" rev="2">
<attrib name="value" value="1"/></item>
<item name="DOADO30" rev="2">
<attrib name="value" value="1"/></item>
<item name="DOADO31" rev="2">
<attrib name="value" value="1"/></item>
<item name="DOADO4" rev="2">
<attrib name="value" value="1"/></item>
<item name="DOADO5" rev="2">
<attrib name="value" value="1"/></item>
<item name="DOADO6" rev="2">
<attrib name="value" value="1"/></item>
<item name="DOADO7" rev="2">
<attrib name="value" value="1"/></item>
<item name="DOADO8" rev="2">
<attrib name="value" value="1"/></item>
<item name="DOADO9" rev="2">
<attrib name="value" value="1"/></item>
<item name="ENARDENL" rev="2">
<attrib name="value" value="1"/></item>
<item name="ENARDENU" rev="2">
<attrib name="value" value="1"/></item>
<item name="ENBWRENL" rev="2">
<attrib name="value" value="1"/></item>
<item name="ENBWRENU" rev="2">
<attrib name="value" value="1"/></item>
<item name="INJECTDBITERR" rev="2">
<attrib name="value" value="1"/></item>
<item name="INJECTSBITERR" rev="2">
<attrib name="value" value="1"/></item>
<item name="REGCEAREGCEL" rev="2">
<attrib name="value" value="1"/></item>
<item name="REGCEAREGCEU" rev="2">
<attrib name="value" value="1"/></item>
<item name="REGCEBL" rev="2">
<attrib name="value" value="1"/></item>
<item name="REGCEBU" rev="2">
<attrib name="value" value="1"/></item>
<item name="REGCLKARDRCLKL" rev="2">
<attrib name="value" value="1"/></item>
<item name="REGCLKARDRCLKU" rev="2">
<attrib name="value" value="1"/></item>
<item name="REGCLKBL" rev="2">
<attrib name="value" value="1"/></item>
<item name="REGCLKBU" rev="2">
<attrib name="value" value="1"/></item>
<item name="RSTRAMARSTRAML" rev="2">
<attrib name="value" value="1"/></item>
<item name="RSTRAMARSTRAMU" rev="2">
<attrib name="value" value="1"/></item>
<item name="RSTRAMBL" rev="2">
<attrib name="value" value="1"/></item>
<item name="RSTRAMBU" rev="2">
<attrib name="value" value="1"/></item>
<item name="RSTREGARSTREGL" rev="2">
<attrib name="value" value="1"/></item>
<item name="RSTREGARSTREGU" rev="2">
<attrib name="value" value="1"/></item>
<item name="RSTREGBL" rev="2">
<attrib name="value" value="1"/></item>
<item name="RSTREGBU" rev="2">
<attrib name="value" value="1"/></item>
<item name="WEAL0" rev="2">
<attrib name="value" value="1"/></item>
<item name="WEAL1" rev="2">
<attrib name="value" value="1"/></item>
<item name="WEAL2" rev="2">
<attrib name="value" value="1"/></item>
<item name="WEAL3" rev="2">
<attrib name="value" value="1"/></item>
<item name="WEAU0" rev="2">
<attrib name="value" value="1"/></item>
<item name="WEAU1" rev="2">
<attrib name="value" value="1"/></item>
<item name="WEAU2" rev="2">
<attrib name="value" value="1"/></item>
<item name="WEAU3" rev="2">
<attrib name="value" value="1"/></item>
<item name="WEBWEL0" rev="2">
<attrib name="value" value="1"/></item>
<item name="WEBWEL1" rev="2">
<attrib name="value" value="1"/></item>
<item name="WEBWEL2" rev="2">
<attrib name="value" value="1"/></item>
<item name="WEBWEL3" rev="2">
<attrib name="value" value="1"/></item>
<item name="WEBWEL4" rev="2">
<attrib name="value" value="1"/></item>
<item name="WEBWEL5" rev="2">
<attrib name="value" value="1"/></item>
<item name="WEBWEL6" rev="2">
<attrib name="value" value="1"/></item>
<item name="WEBWEL7" rev="2">
<attrib name="value" value="1"/></item>
<item name="WEBWEU0" rev="2">
<attrib name="value" value="1"/></item>
<item name="WEBWEU1" rev="2">
<attrib name="value" value="1"/></item>
<item name="WEBWEU2" rev="2">
<attrib name="value" value="1"/></item>
<item name="WEBWEU3" rev="2">
<attrib name="value" value="1"/></item>
<item name="WEBWEU4" rev="2">
<attrib name="value" value="1"/></item>
<item name="WEBWEU5" rev="2">
<attrib name="value" value="1"/></item>
<item name="WEBWEU6" rev="2">
<attrib name="value" value="1"/></item>
<item name="WEBWEU7" rev="2">
<attrib name="value" value="1"/></item>
</group>
</ReportPinData>
<CmdHistory>
</CmdHistory>
</DeviceUsageSummary>
